{

  "maximumLineLength": 120,

  "validateJSDoc": {
    "checkParamNames": true,
    "checkRedundantParams": true,
    "requireParamTypes": true
  },

  "validateLineBreaks": "LF",
  "validateQuoteMarks": true,

  "requireCurlyBraces": [
    "if",
    "else",
    "for",
    "while",
    "do",
    "try",
    "catch"
  ],

  "requireSpaceAfterKeywords": [
    "if",
    "else",
    "for",
    "while",
    "do",
    "switch",
    "return",
    "try",
    "catch"
  ],

  "requireOperatorBeforeLineBreak": [
    "?",
    "+",
    "-",
    "/",
    "*",
    "=",
    "==",
    "===",
    "!=",
    "!==",
    ">",
    ">=",
    "<",
    "<="
  ],

  "requireSpacesInConditionalExpression": {
    "afterTest": true,
    "beforeConsequent": true,
    "afterConsequent": true,
    "beforeAlternate": true
  },

  "requireKeywordsOnNewLine": [
    "catch",
    "while",
    "else"
  ],

  "requireSpacesInFunctionExpression": {
    "beforeOpeningRoundBrace": true,
    "beforeOpeningCurlyBrace": true
  },

  "requireParenthesesAroundIIFE": true,
  "requireCommaBeforeLineBreak": true,
  "requireCamelCaseOrUpperCaseIdentifiers": true,
  "requireCapitalizedConstructors": true,
  "requireDotNotation": true,

  "requireSpaceBeforeBinaryOperators": [
    "+",
    "-",
    "/",
    "*",
    "=",
    "==",
    "===",
    "!=",
    "!==",
    ">",
    ">=",
    "<",
    "<="
  ],

  "disallowSpaceAfterPrefixUnaryOperators": [
    "++",
    "--",
    "+",
    "-",
    "~",
    "!"
  ],

  "requireSpaceAfterBinaryOperators": [
    "+",
    "-",
    "/",
    "*",
    "=",
    "==",
    "===",
    "!=",
    "!==",
    ">",
    ">=",
    "<",
    "<="
  ],

  "disallowSpaceBeforePostfixUnaryOperators": [
    "++",
    "--"
  ],

  "disallowImplicitTypeConversion": [
    "numeric",
    "boolean",
    "binary",
    "string"
  ],


  "disallowKeywords": [
    "with"
  ],

  "disallowMultipleLineStrings": true,
  "disallowMultipleLineBreaks": true,
  "disallowEmptyBlocks": true,
  "disallowSpacesInsideArrayBrackets": true,
  "disallowSpacesInsideParentheses": true,
  "disallowSpacesInsideObjectBrackets": true,
  "disallowQuotedKeysInObjects": true,
  "disallowSpaceAfterObjectKeys": true,
  "disallowTrailingWhitespace": true,
  "disallowMixedSpacesAndTabs": "smart",
  "safeContextKeyword": "self",

  "validateIndentation": 2,

  "requireSpaceAfterLineComment": true,

  "excludeFiles": ["node_modules/**", "app/bower_components/**" ]

}
